fecha;autor;tweet
2021-02-18 17:34:36;Gomonre1;Bien mi querida candidata @danielapenaloza vamos q se puede. Cuente con todo nuestro apoyo de la fundaci√≥n‚Ä¶ https://t.co/W9i6RAhkJP
2021-02-18 16:48:19;wacochile;@LavinJoaquin @danielapenaloza Mal @LavinJoaquin , Ud se equivoca cuando trata de imponer a una persona en la Alcal‚Ä¶ https://t.co/kt2EEN8U5u
2021-02-18 14:01:27;PedroPeterone;@danielapenaloza @itziarxita @LavinJoaquin No veo repartiendo propaganda a Jorge Romo.
2021-02-18 13:49:40;omartordesilla;@danielapenaloza @LavinJoaquin Una dupla ganadora @danielapenaloza y @LavinJoaquin
2021-02-18 13:08:05;tirarrazaval;Para quienes vivan en Las Condes, les presento a @danielapenaloza, a quien conozco desde la universidad trabajando‚Ä¶ https://t.co/jWnUnXU9gd
2021-02-18 00:56:15;SantiagoIgnacio;@danielapenaloza @CorpLasCondes @LavinJoaquin Porque una corporaci√≥n municipal est√° haciendo proselitismo politico‚Ä¶ https://t.co/V9PiYnCvvQ
2021-02-17 21:45:29;ragochile;"@LavinJoaquin @danielapenaloza ¬øDisc√≠pula de Lavin?
No. Gracias por participar."
2021-02-17 21:35:11;monseperezcalaf;"@LavinJoaquin @danielapenaloza Alcalde y qu√© pas√≥ con la vacuna?
No dijo que hab√≠a stock suficiente?  Si hab√≠a stoc‚Ä¶ https://t.co/nV2oZhx7gq"
2021-02-17 21:03:34;dpibanez83;@LavinJoaquin @danielapenaloza Alcalde @Marisolide  sigue esperando su llamado, grave accidente con la empresa lime‚Ä¶ https://t.co/sBBp7VxfXx
2021-02-17 21:03:10;marticcf;@LavinJoaquin @danielapenaloza Terminen las ciclov√≠as prometidas. üòâ
2021-02-17 21:01:42;LavinJoaquin;Grande futura alcaldesa @danielapenaloza! Te ir√° muy bien. Comparto por ac√° lo q veo en ti. Preparada, inteligente,‚Ä¶ https://t.co/dIsp3Di5Nk
2021-02-17 19:01:50;mpecori;@1CCValdivia @danielapenaloza Seguida, que siga de vuelta. Gracias
2021-02-17 16:41:44;Krgob;@danielapenaloza buenas tardes, quer√≠a saber su opini√≥n sobre el proyecto de remodelaci√≥n del estadio San Carlos de‚Ä¶ https://t.co/M66HN9ZiVi
2021-02-17 14:53:53;Florencilla53;@1CCValdivia @danielapenaloza üôã‚Äç‚ôÄÔ∏è Seguida üå∑üå∑üçÄ
2021-02-17 14:49:27;1CCValdivia;"Les presento a @danielapenaloza Candidata Alcalde por la comuna de #LaCondes #ChileVamos 

Apoyemos los nuevos rost‚Ä¶ https://t.co/BDLB6yVGRc"
2021-02-17 13:47:19;TEO47992933;@danielapenaloza @Marcela_DiazC Por ac√° en la Carrera con Gonzalo ... palabra que vale !
2021-02-17 13:00:44;nicolorcaRN;@danielapenaloza @LavinJoaquin Ser√°s una gran alcaldesa @danielapenaloza üòç vamos con todoüí™üèºüí™üèº
2021-02-17 11:28:38;libreyalocada;@catralapulido @danielapenaloza @IavinJoaquin Anda a ayudar a tu hijo jalera. Y as√≠ evitas que le ande pegando q m√°‚Ä¶ https://t.co/DyfTql3Eiq
2021-02-16 21:57:00;rocioea;@carreragonzalo Copiando la frase de la candidata @danielapenaloza ???
2021-02-14 01:45:43;rocioea;@danielapenaloza Que suerte los vecinos de las condes de tener esta futura alcaldesa!!!
2021-02-13 23:53:46;JParraveas;@LavinJoaquin @CesarTu1 @danielapenaloza @catalinaparot Cree ud. Que lograra hacer eso muy dificil como va esto .
2021-02-13 17:10:07;nicolorcaRN;@danielapenaloza Tremenda mi futura alcaldesa @danielapenaloza !
2021-02-13 15:04:38;omartordesilla;@danielapenaloza Es competente, es solidaria, ha trabajado con los vecinos, es la pr√≥xima alcaldesa @danielapenaloza
2021-02-12 21:52:41;juanfcoreyes;@omartordesilla @vasco_moulian_ @LavinJoaquin @gonzalomuller @rearellano @ErnestoSilvaM @danielapenaloza Lo m√°s grande!!!! üëèüëèüëè
2021-02-12 20:33:01;omartordesilla;@vasco_moulian_ @juanfcoreyes @LavinJoaquin @gonzalomuller @rearellano @ErnestoSilvaM Que tremenda @danielapenaloza √©xito.
2021-02-12 18:30:27;luishadad;Junto a @danielapenaloza  visitando a nuestros vecinos de @Muni_LasCondes  #hadadconcejal #energiajoven https://t.co/DvutXLoNu3
2021-02-12 13:23:37;JavierA69547715;@catralapulido @danielapenaloza @IavinJoaquin Ded√≠cate a cuidar a tu hijo el jalero mejor, weona enferma.
2021-02-11 23:51:15;Benja_mateo1;@LavinJoaquin @danielapenaloza @catalinaparot no gracias, mi familia y yo votaremos por otra opci√≥n.
